{
  "vary_C": {
    "C": [
      0.001,
      0.01,
      0.1,
      1,
      10,
      100,
      1000
    ],
    "accuracy": [
      0.07973421926910298,
      0.07973421926910298,
      0.9933554817275747,
      1.0,
      1.0,
      1.0,
      1.0
    ],
    "confidence": [
      0.14594239657861272,
      0.1561586145341963,
      0.8246875829477213,
      0.8077948605188444,
      0.8077984075269482,
      0.8077984075269482,
      0.8077984075269482
    ]
  },
  "vary_gamma": {
    "gamma": [
      "scale",
      "0.1",
      "0.01",
      "0.001",
      "0.0001"
    ],
    "accuracy": [
      1.0,
      1.0,
      0.9966777408637874,
      0.2026578073089701,
      0.07973421926910298
    ],
    "confidence": [
      0.8077984075269482,
      0.8244458248884903,
      0.8252917402192158,
      0.3594187043673929,
      0.1590189383802719
    ]
  }
}